id,label
7606857466,number
2132826093,number
3322001705,number
4159889697,number
6462623328,number
5183021981,number
3236462994,number
3235363739,number
8038028372,number
9166167507,number
5592606008,number
3322001708,number
8668460108,number
7205997163,number
6267038118,number
7187029355,number
9412877300,number
6193628432,number
6265096420,number
9176896657,number
7073657015,number
3322400993,number
3322001704,number
9178178802,number
3322001703,number
8184153101,number
7864818668,number
4088966625,number
2242544383,number
4244533504,number
7135152790,number
12242544383,number
2134194433,number
4759992309,number
3392217663,number
9085668030,number
6503838166,number
3108047020,number
3322001709,number
4083687441,number
3522843252,number
9173638880,number
5166737682,number
3322001706,number
9178229111,number
6469457640,number
4026606900,number
3322001707,number
9294104319,number
https://www.haihua233.com/,forum
http://www.zhaopin311.com/,forum
https://losangeles.craigslist.org/,forum
https://sanfrancisco.jinbay.com/,forum
https://ladys.one/,escort
https://jieshaowang.com/,forum
https://www.theeroticreview.com/,escort
https://bluemoon-massage-therapy.business.site/,escort
https://palmsprings.craigslist.org/,forum
https://tdhqfwfw.familiemettler.de/,escort
http://bay123.com/,forum
https://500work.com/,forum
https://www.zillow.com/,forum
https://www.usahuarenjie.com/,forum
https://www.adultlook.com/,escort
https://www.eroticmonkey.ch/,escort
https://chicago.bedpage.com/,escort
https://www.eros.com/,escort
https://postele-jihlava.cz/,escort
https://feelsensationsal.com,escort
https://www.168worker.com/,forum
https://orangecounty.craigslist.org/,forum
https://www.huarenca.com/,forum
https://freeadnyc.com/,escort
https://manatee-asian-therapy.business.site/,escort
https://social-discovery.io/,escort
https://pro.mylamp.pl/,escort
https://meiguogongzuo.com/,forum
https://www.jinlist.com/,forum
https://jrhqzx.com/,forum
https://rabota-girls.ru/,escort
https://www.zillow.com/,other
https://rusrek.com/,forum
https://www.chamberofcommerce.com/,escort
https://california.jinbay.com/,forum
https://adultsearch.com/,escort
http://apps.alliedwireless.com.mx,escort
https://losangeles.jinbay.com/,forum
https://layboard.com/,escort
https://manhattan-bodyrubs.bedpage.com/,escort
http://www.american-chinese.com/,forum
https://hot.com/,escort
http://apps.alliedwireless.com.mx/,escort
https://callescort.org/,escort
